"Rec";"Flim";"Fbpa";"Bpa"
"REClow";0.25599609956815;0.194935292379338;308169.370979097
"RECmed";0.276481660041485;0.190019520553626;598971.932508551
