"Rec";"Fmsy";"FmsyUpper";"FmsyLower"
"REClow";0.232732732732733;0.24;0.164684684684685
"RECmed";0.16;0.16;0.147027027027027
