"Rec";"Fmsy";"FmsyUpper";"FmsyLower"
"REClow";0.17019019019019;0.212252252252252;0.141121121121121
