"Rec";"Fmsy";"FmsyUpper";"FmsyLower"
"REClow";0.17025025025025;0.21;0.141151151151151
