"Rec";"Fmsy";"FmsyUpper";"FmsyLower";"Fp05";"Fp05Lower"
"REClow";0.17;0.17;0.152542542542543;0.092;0.0859159159159159
