"Rec";"Fmsy";"FmsyUpper";"FmsyLower";"Fp05";"Fp05Lower"
"REClow";0.17;0.17;0.14981981981982;0.087;0.0808708708708709
